step,loss,l1_loss,kld_loss
100,4.549782752990723,0.49252572655677795,0.40572571754455566
200,3.338862180709839,0.40333303809165955,0.2935529351234436
300,3.2433035373687744,0.4790380001068115,0.2764265537261963
400,2.880568742752075,0.35324007272720337,0.25273287296295166
500,2.8363571166992188,0.5292454361915588,0.2307111769914627
600,2.850844621658325,0.5217387080192566,0.23291058838367462
700,2.416172981262207,0.35717570781707764,0.20589971542358398
800,2.334636688232422,0.45400887727737427,0.18806277215480804
900,2.346403121948242,0.5906310677528381,0.17557720839977264
1000,2.2919163703918457,0.2833162844181061,0.20086000859737396
1100,2.097106695175171,0.33218565583229065,0.1764920949935913
1200,2.0091745853424072,0.3326992392539978,0.16764754056930542
1300,1.8160839080810547,0.20272831618785858,0.1613355576992035
1400,2.146604537963867,0.4343857169151306,0.17122188210487366
1500,1.8847846984863281,0.38019636273384094,0.15045884251594543
1600,1.7743438482284546,0.362311452627182,0.14120323956012726
1700,1.6895415782928467,0.31006693840026855,0.1379474699497223
1800,1.6411571502685547,0.28306177258491516,0.1358095407485962
1900,1.8171796798706055,0.3199564814567566,0.14972230792045593
2000,1.6748509407043457,0.4856276214122772,0.11892232298851013
2100,1.2662734985351562,0.21310868859291077,0.10531648248434067
2200,1.4980823993682861,0.2382994294166565,0.12597830593585968
2300,1.582622766494751,0.3980957865715027,0.11845269799232483
2400,1.5384671688079834,0.3831371068954468,0.1155330091714859
2500,1.2691816091537476,0.4230963885784149,0.0846085250377655
2600,1.4755358695983887,0.5277112722396851,0.09478246420621872
2700,1.4490100145339966,0.3655172288417816,0.1083492785692215
2800,1.3937370777130127,0.4505419135093689,0.09431950747966766
2900,1.2856528759002686,0.41863927245140076,0.08670136332511902
3000,1.1774173974990845,0.3584047257900238,0.08190126717090607
3100,1.1882685422897339,0.3012615144252777,0.08870070427656174
3200,1.258486270904541,0.31673288345336914,0.09417533129453659
3300,1.2501847743988037,0.34304922819137573,0.09071354568004608
3400,1.1011297702789307,0.3507568836212158,0.07503728568553925
3500,1.070212483406067,0.3107879161834717,0.07594245672225952
3600,1.191648244857788,0.4618268609046936,0.07298214733600616
3700,1.0402183532714844,0.43991684913635254,0.06003015115857124
3800,0.9567972421646118,0.3565916121006012,0.0600205659866333
3900,1.0262385606765747,0.43351903557777405,0.059271957725286484
4000,0.915306568145752,0.3400461971759796,0.05752604082226753
4100,0.8722550868988037,0.3145693838596344,0.05576856806874275
4200,0.8119763731956482,0.32423508167266846,0.04877413064241409
4300,0.8979415893554688,0.2784064710140228,0.061953507363796234
4400,0.8470279574394226,0.3416396975517273,0.05053882300853729
4500,0.8344992399215698,0.3450234830379486,0.04894758015871048
4600,0.7557664513587952,0.28932368755340576,0.04664427787065506
4700,0.6952091455459595,0.32554498314857483,0.03696642071008682
4800,0.746529221534729,0.372879296541214,0.03736499696969986
4900,0.8062803149223328,0.38122493028640747,0.04250553995370865
5000,0.6827263832092285,0.3259359300136566,0.03567904606461525
5100,0.7690404057502747,0.42354831099510193,0.03454921022057533
5200,0.8623364567756653,0.4873882234096527,0.03749482333660126
5300,0.6250728368759155,0.32260197401046753,0.03024708479642868
5400,0.7672888040542603,0.37894129753112793,0.038834746927022934
5500,0.6307353973388672,0.2886432707309723,0.03420921415090561
5600,0.5979076623916626,0.30706799030303955,0.029083967208862305
5700,0.6056917309761047,0.28136324882507324,0.03243284672498703
5800,0.736346960067749,0.4663303792476654,0.02700166031718254
5900,0.6776525974273682,0.34457331895828247,0.03330792859196663
6000,0.5151247978210449,0.17129823565483093,0.0343826562166214
6100,0.46691879630088806,0.2592483162879944,0.020767048001289368
6200,0.5336244106292725,0.22005906701087952,0.031356532126665115
6300,0.5369333624839783,0.2745901346206665,0.026234321296215057
6400,0.48518455028533936,0.3096539378166199,0.017553061246871948
6500,0.6310639381408691,0.376577764749527,0.025448612868785858
6600,0.42670536041259766,0.16813987493515015,0.02585654705762863
6700,0.5196071863174438,0.2820104658603668,0.02375967428088188
6800,0.48223257064819336,0.31099337339401245,0.01712391898036003
6900,0.47537660598754883,0.30611178278923035,0.016926482319831848
7000,0.3849337100982666,0.19346436858177185,0.019146934151649475
7100,0.3894764184951782,0.1863420307636261,0.020313438028097153
7200,0.5533940196037292,0.40833139419555664,0.014506261795759201
7300,0.4623861312866211,0.2882574498653412,0.01741286739706993
7400,0.6400811672210693,0.4950350821018219,0.014504607766866684
7500,0.5944981575012207,0.44481217861175537,0.014968600124120712
7600,0.39864638447761536,0.2632410228252411,0.013540536165237427
7700,0.536400318145752,0.40019723773002625,0.01362030953168869
7800,0.40004074573516846,0.2749851644039154,0.012505557388067245
7900,0.47133851051330566,0.27478113770484924,0.019655738025903702
8000,0.5276187658309937,0.3755633533000946,0.015205543488264084
8100,0.5220404863357544,0.3876553177833557,0.013438519090414047
8200,0.4489603340625763,0.2678026258945465,0.01811577007174492
8300,0.4777083992958069,0.3661266565322876,0.011158175766468048
8400,0.3847796320915222,0.21179918944835663,0.01729804277420044
8500,0.44042909145355225,0.3301512897014618,0.011027779430150986
8600,0.5008211135864258,0.3926559090614319,0.010816521942615509
8700,0.41065600514411926,0.27281293272972107,0.013784307986497879
8800,0.5666894316673279,0.44863489270210266,0.011805452406406403
8900,0.5580141544342041,0.45652008056640625,0.010149404406547546
9000,0.41824454069137573,0.29374390840530396,0.012450061738491058
9100,0.3296077847480774,0.2037537842988968,0.012585397809743881
9200,0.42171695828437805,0.3152930438518524,0.010642390698194504
9300,0.45871955156326294,0.3431777358055115,0.011554181575775146
9400,0.47959235310554504,0.3636195659637451,0.011597279459238052
9500,0.364825963973999,0.28888148069381714,0.007594447582960129
9600,0.43444475531578064,0.34080034494400024,0.00936444103717804
9700,0.5382972955703735,0.44520044326782227,0.009309686720371246
9800,0.39076679944992065,0.29651716351509094,0.009424962103366852
9900,0.5252768993377686,0.42992037534713745,0.009535655379295349
10000,0.41691526770591736,0.32692939043045044,0.008998587727546692
10100,0.31634166836738586,0.22392649948596954,0.009241517633199692
10200,0.4501085579395294,0.3688364624977112,0.008127208799123764
10300,0.3310825824737549,0.23976662755012512,0.009131595492362976
10400,0.40374481678009033,0.33756697177886963,0.00661778450012207
10500,0.33796221017837524,0.25140297412872314,0.00865592435002327
10600,0.3662284314632416,0.2989872395992279,0.006724119186401367
10700,0.4363766312599182,0.3743257224559784,0.0062050893902778625
10800,0.33572840690612793,0.2454296350479126,0.009029876440763474
10900,0.4114959239959717,0.33594268560409546,0.007555324584245682
11000,0.28288188576698303,0.21011196076869965,0.007276993244886398
11100,0.3710089325904846,0.30433064699172974,0.006667830049991608
11200,0.49058258533477783,0.4273388683795929,0.006324373185634613
11300,0.3875369131565094,0.31659021973609924,0.007094670087099075
11400,0.4903014600276947,0.39521655440330505,0.009508490562438965
11500,0.33916741609573364,0.27736425399780273,0.006180316209793091
11600,0.41114234924316406,0.35038983821868896,0.0060752518475055695
11700,0.2830673158168793,0.2217683345079422,0.006129898130893707
11800,0.36362016201019287,0.30043429136276245,0.006318587809801102
11900,0.6107050776481628,0.5570793151855469,0.005362577736377716
12000,0.38249868154525757,0.3250243663787842,0.0057474300265312195
12100,0.3543214797973633,0.29109296202659607,0.006322853267192841
12200,0.3050168752670288,0.2466532588005066,0.005836360156536102
12300,0.4023352563381195,0.3406030535697937,0.006173219531774521
12400,0.2414858639240265,0.18680281937122345,0.005468305200338364
12500,0.3350942134857178,0.2739715874195099,0.006112262606620789
12600,0.3217714726924896,0.2638964056968689,0.005787506699562073
12700,0.2852846682071686,0.21931353211402893,0.006597112864255905
12800,0.38551393151283264,0.3411053717136383,0.004440855234861374
12900,0.3044172525405884,0.25152233242988586,0.005289491266012192
13000,0.24369430541992188,0.18856219947338104,0.0055132098495960236
13100,0.32491591572761536,0.2815307676792145,0.004338514059782028
13200,0.2623277008533478,0.19879573583602905,0.006353195756673813
13300,0.3242427706718445,0.27492767572402954,0.004931509494781494
13400,0.47009846568107605,0.43277838826179504,0.003732006996870041
13500,0.32266470789909363,0.2794923484325409,0.004317235201597214
13600,0.35318440198898315,0.3063448965549469,0.004683949053287506
13700,0.37717142701148987,0.330975741147995,0.004619568586349487
13800,0.3889216482639313,0.3495480418205261,0.0039373598992824554
13900,0.31863895058631897,0.2646486461162567,0.005399029701948166
14000,0.3247738778591156,0.27843526005744934,0.004633862525224686
14100,0.33347174525260925,0.29657408595085144,0.0036897659301757812
14200,0.3643783628940582,0.32623156905174255,0.0038146786391735077
14300,0.4387458562850952,0.39388731122016907,0.004485853016376495
14400,0.40973228216171265,0.37231382727622986,0.003741845488548279
14500,0.45555922389030457,0.4167989194393158,0.003876030445098877
14600,0.37957626581192017,0.32666805386543274,0.005290821194648743
14700,0.4376826882362366,0.39989709854125977,0.003778558224439621
14800,0.3025744557380676,0.2726159691810608,0.0029958486557006836
14900,0.29972517490386963,0.2619221806526184,0.0037802979350090027
15000,0.27835404872894287,0.23675598204135895,0.004159808158874512
15100,0.24463370442390442,0.20509324967861176,0.003954045474529266
15200,0.428727924823761,0.4005655348300934,0.002816237509250641
15300,0.350787878036499,0.31351685523986816,0.0037271007895469666
15400,0.315555214881897,0.281791627407074,0.0033763572573661804
15500,0.24283981323242188,0.2035919427871704,0.0039247870445251465
15600,0.27616509795188904,0.23736035823822021,0.003880474716424942
15700,0.2755087912082672,0.24328544735908508,0.0032223351299762726
15800,0.2987399101257324,0.26821690797805786,0.0030523017048835754
15900,0.48253846168518066,0.4530531167984009,0.002948533743619919
16000,0.31099626421928406,0.2784307897090912,0.003256548196077347
16100,0.33668163418769836,0.3119965195655823,0.002468511462211609
16200,0.3556317985057831,0.32827579975128174,0.0027355998754501343
16300,0.3445852994918823,0.3206559419631958,0.002392936497926712
16400,0.2920306622982025,0.2627132534980774,0.0029317401349544525
16500,0.29265838861465454,0.2653035819530487,0.0027354806661605835
16600,0.2823934555053711,0.2576344609260559,0.002475898712873459
16700,0.25708621740341187,0.23258648812770844,0.0024499744176864624
16800,0.4000495374202728,0.37289366126060486,0.002715587615966797
16900,0.38600850105285645,0.3492083251476288,0.0036800168454647064
17000,0.2656824588775635,0.23998460173606873,0.0025697872042655945
17100,0.21481040120124817,0.19068075716495514,0.0024129636585712433
17200,0.3992651402950287,0.3788198232650757,0.00204453244805336
17300,0.21582572162151337,0.17990587651729584,0.003591984510421753
17400,0.27313822507858276,0.2465059459209442,0.0026632286608219147
17500,0.3884553909301758,0.36684420704841614,0.002161119133234024
17600,0.29608869552612305,0.2746337056159973,0.0021454989910125732
17700,0.2697679102420807,0.24749991297721863,0.002226799726486206
17800,0.3026283383369446,0.280089408159256,0.0022538937628269196
17900,0.208805650472641,0.19020383059978485,0.0018601827323436737
18000,0.3390476703643799,0.3167459964752197,0.0022301673889160156
18100,0.20200641453266144,0.18073955178260803,0.0021266862750053406
18200,0.2830868363380432,0.2600466310977936,0.002304021269083023
18300,0.28999409079551697,0.26847606897354126,0.002151802182197571
18400,0.29339396953582764,0.27378952503204346,0.0019604451954364777
18500,0.2947844862937927,0.27565905451774597,0.001912541687488556
18600,0.35151198506355286,0.3363892734050751,0.0015122704207897186
18700,0.2342415153980255,0.20843754708766937,0.002580396831035614
18800,0.2891228199005127,0.26632392406463623,0.002279888838529587
18900,0.3223007619380951,0.30569788813591003,0.0016602873802185059
19000,0.30073094367980957,0.2796368896961212,0.0021094046533107758
19100,0.3451373279094696,0.33057668805122375,0.0014560632407665253
19200,0.32216471433639526,0.30860480666160583,0.0013559907674789429
19300,0.2806629538536072,0.2626936435699463,0.0017969310283660889
19400,0.3807380199432373,0.3676227629184723,0.0013115257024765015
19500,0.19584906101226807,0.18096433579921722,0.001488473266363144
19600,0.3379964828491211,0.32521742582321167,0.0012779049575328827
19700,0.1998409926891327,0.18392963707447052,0.0015911348164081573
19800,0.36784496903419495,0.354319304227829,0.0013525672256946564
19900,0.47440221905708313,0.46245935559272766,0.0011942870914936066
20000,0.3357977867126465,0.32053235173225403,0.0015265420079231262
20100,0.33650609850883484,0.3215368688106537,0.0014969222247600555
20200,0.31076791882514954,0.29790133237838745,0.0012866593897342682
20300,0.2790073752403259,0.2674885392189026,0.0011518821120262146
20400,0.303015798330307,0.2911817133426666,0.0011834092438220978
20500,0.28799253702163696,0.27306148409843445,0.001493103802204132
20600,0.3466096818447113,0.33363446593284607,0.0012975223362445831
20700,0.22640055418014526,0.21321675181388855,0.0013183802366256714
20800,0.34728890657424927,0.33565351366996765,0.001163538545370102
20900,0.26379552483558655,0.25325578451156616,0.0010539740324020386
21000,0.23683248460292816,0.2245698720216751,0.0012262612581253052
21100,0.31793397665023804,0.30768465995788574,0.0010249316692352295
21200,0.280579149723053,0.26552924513816833,0.001504991203546524
21300,0.18473422527313232,0.17171384394168854,0.001302037388086319
21400,0.24612894654273987,0.23474259674549103,0.001138634979724884
21500,0.20500022172927856,0.19381417334079742,0.0011186040937900543
21600,0.2615237236022949,0.251415491104126,0.0010108239948749542
21700,0.1607183814048767,0.14969725906848907,0.0011021122336387634
21800,0.37827640771865845,0.37058764696121216,0.0007688775658607483
21900,0.2927468419075012,0.28450268507003784,0.0008244141936302185
22000,0.31532466411590576,0.30634090304374695,0.0008983761072158813
22100,0.2850383222103119,0.2769198715686798,0.000811845064163208
22200,0.3562225103378296,0.347644567489624,0.0008577927947044373
22300,0.37717586755752563,0.36714643239974976,0.0010029450058937073
22400,0.20398736000061035,0.19453224539756775,0.00094551220536232
22500,0.29993149638175964,0.29054197669029236,0.0009389519691467285
22600,0.2729285955429077,0.2663094699382782,0.0006619133055210114
22700,0.2442360371351242,0.23746420443058014,0.0006771832704544067
22800,0.24435456097126007,0.23505325615406036,0.0009301304817199707
22900,0.2930906116962433,0.28577566146850586,0.000731494277715683
23000,0.3259924650192261,0.3197266757488251,0.0006265789270401001
23100,0.3522600531578064,0.3464500904083252,0.0005809962749481201
23200,0.26818180084228516,0.2616446316242218,0.0006537176668643951
23300,0.2257366180419922,0.2193531095981598,0.0006383508443832397
23400,0.22074805200099945,0.21409401297569275,0.0006654039025306702
23500,0.2690424919128418,0.26370078325271606,0.0005341693758964539
23600,0.2524018883705139,0.247637540102005,0.0004764348268508911
23700,0.35322970151901245,0.3480738699436188,0.0005155839025974274
23800,0.44217032194137573,0.4377407431602478,0.00044295936822891235
23900,0.2137739658355713,0.2084738165140152,0.0005300156772136688
24000,0.37539568543434143,0.3706555962562561,0.0004740096628665924
24100,0.1906970739364624,0.18644440174102783,0.0004252679646015167
24200,0.3215166926383972,0.31723135709762573,0.0004285350441932678
24300,0.3601798713207245,0.3568296730518341,0.0003350190818309784
24400,0.26202014088630676,0.25827500224113464,0.0003745146095752716
24500,0.17932233214378357,0.1748548150062561,0.0004467517137527466
24600,0.2053070366382599,0.19958727061748505,0.0005719773471355438
24700,0.15391217172145844,0.15013018250465393,0.00037819892168045044
24800,0.25193238258361816,0.24854876101016998,0.00033836066722869873
24900,0.20194561779499054,0.19908839464187622,0.0002857223153114319
25000,0.25450050830841064,0.2505728304386139,0.000392768532037735
25100,0.20443758368492126,0.20108187198638916,0.00033557042479515076
25200,0.23612065613269806,0.23287026584148407,0.0003250390291213989
25300,0.12530608475208282,0.12206459790468216,0.00032414868474006653
25400,0.29494959115982056,0.2915821075439453,0.0003367476165294647
25500,0.23411425948143005,0.23024199903011322,0.00038722530007362366
25600,0.22201761603355408,0.21958895027637482,0.00024286657571792603
25700,0.24931979179382324,0.24635227024555206,0.0002967528998851776
25800,0.22306972742080688,0.22059811651706696,0.0002471618354320526
25900,0.33286598324775696,0.3301903307437897,0.0002675652503967285
26000,0.2716338634490967,0.2691121995449066,0.00025216490030288696
26100,0.3155190050601959,0.3129083216190338,0.00026106834411621094
26200,0.3225523829460144,0.320186972618103,0.0002365410327911377
26300,0.3444886803627014,0.3422384560108185,0.00022502243518829346
26400,0.22656643390655518,0.22447144985198975,0.00020949915051460266
26500,0.29465755820274353,0.2920145094394684,0.00026430562138557434
26600,0.19923125207424164,0.19640733301639557,0.00028239190578460693
26700,0.27386680245399475,0.2717609405517578,0.00021058693528175354
26800,0.35648417472839355,0.35429826378822327,0.0002185925841331482
26900,0.190043643116951,0.18806476891040802,0.00019788742065429688
27000,0.18845851719379425,0.18632027506828308,0.00021382421255111694
27100,0.33453452587127686,0.332806795835495,0.00017277151346206665
27200,0.38739725947380066,0.38559335470199585,0.00018038973212242126
27300,0.23507849872112274,0.2333250790834427,0.00017534196376800537
27400,0.3848719000816345,0.3833334743976593,0.00015384331345558167
27500,0.26382628083229065,0.26189735531806946,0.00019289180636405945
27600,0.28928324580192566,0.288028746843338,0.00012544915080070496
27700,0.2520347237586975,0.25063011050224304,0.00014046207070350647
27800,0.2392112910747528,0.23774400353431702,0.0001467280089855194
27900,0.22581350803375244,0.22431716322898865,0.0001496337354183197
28000,0.16163086891174316,0.16005375981330872,0.00015771016478538513
28100,0.29896798729896545,0.2976152300834656,0.00013527646660804749
28200,0.3400028645992279,0.3387078046798706,0.00012950599193572998
28300,0.24495437741279602,0.24349123239517212,0.00014631450176239014
28400,0.2342071384191513,0.23280352354049683,0.000140361487865448
28500,0.26464933156967163,0.2631775438785553,0.0001471787691116333
28600,0.31208574771881104,0.31100425124168396,0.00010814890265464783
28700,0.2525136470794678,0.25144320726394653,0.00010704249143600464
28800,0.3735196888446808,0.37190935015678406,0.00016103312373161316
28900,0.3055996298789978,0.3045427203178406,0.00010569021105766296
29000,0.2975007891654968,0.29625341296195984,0.00012473762035369873
29100,0.24441306293010712,0.24320495128631592,0.00012081116437911987
29200,0.3713056445121765,0.37029698491096497,0.00010086596012115479
29300,0.23007933795452118,0.22907082736492157,0.00010085105895996094
29400,0.29319608211517334,0.2922012209892273,9.948760271072388e-05
29500,0.36812084913253784,0.36728593707084656,8.349120616912842e-05
29600,0.3717687129974365,0.3707975447177887,9.71183180809021e-05
29700,0.29215580224990845,0.29108577966690063,0.00010700151324272156
29800,0.31352099776268005,0.3126571476459503,8.638575673103333e-05
29900,0.22292089462280273,0.22195257246494293,9.683147072792053e-05
30000,0.2387228012084961,0.237859845161438,8.629634976387024e-05
30100,0.2795799672603607,0.2786620259284973,9.179487824440002e-05
30200,0.33560818433761597,0.3346484899520874,9.597092866897583e-05
30300,0.20826822519302368,0.20735381543636322,9.144097566604614e-05
30400,0.2154090702533722,0.21423475444316864,0.00011743232607841492
30500,0.23295408487319946,0.23206642270088196,8.876621723175049e-05
30600,0.282615065574646,0.28184813261032104,7.669255137443542e-05
30700,0.16859668493270874,0.167573943734169,0.00010227411985397339
30800,0.240831196308136,0.23978672921657562,0.00010444596409797668
30900,0.20712250471115112,0.206445574760437,6.769225001335144e-05
31000,0.24708648025989532,0.24639901518821716,6.874650716781616e-05
31100,0.2812325954437256,0.2803594172000885,8.73170793056488e-05
31200,0.19469088315963745,0.19404593110084534,6.449595093727112e-05
31300,0.2967225909233093,0.2960444688796997,6.781145930290222e-05
31400,0.21018341183662415,0.20941872894763947,7.646903395652771e-05
31500,0.19381284713745117,0.19316691160202026,6.459280848503113e-05
31600,0.25861096382141113,0.25774168968200684,8.69259238243103e-05
31700,0.20385566353797913,0.2031174600124359,7.382035255432129e-05
31800,0.2739177942276001,0.27323564887046814,6.821379065513611e-05
31900,0.19867917895317078,0.19804736971855164,6.318092346191406e-05
32000,0.26271888613700867,0.26187700033187866,8.41878354549408e-05
32100,0.2455315887928009,0.244929239153862,6.023421883583069e-05
32200,0.17667919397354126,0.1760336458683014,6.455555558204651e-05
32300,0.15733830630779266,0.15647031366825104,8.67992639541626e-05
32400,0.19041016697883606,0.18964585661888123,7.643178105354309e-05
32500,0.1053696870803833,0.10481994599103928,5.4974108934402466e-05
32600,0.26484227180480957,0.2641785442829132,6.637349724769592e-05
32700,0.26666387915611267,0.265966534614563,6.973370909690857e-05
32800,0.24749532341957092,0.24692852795124054,5.668029189109802e-05
32900,0.24365085363388062,0.2430957853794098,5.550682544708252e-05
33000,0.19499987363815308,0.1944609433412552,5.389377474784851e-05
33100,0.26137909293174744,0.2606280744075775,7.510185241699219e-05
33200,0.25754624605178833,0.2568610608577728,6.851926445960999e-05
33300,0.30844855308532715,0.30794382095336914,5.0473958253860474e-05
33400,0.26797136664390564,0.26737967133522034,5.916878581047058e-05
33500,0.3498695194721222,0.3493199646472931,5.4955482482910156e-05
33600,0.1601797640323639,0.15945389866828918,7.25872814655304e-05
33700,0.29679131507873535,0.2961788773536682,6.124377250671387e-05
33800,0.27632394433021545,0.2756141722202301,7.097795605659485e-05
33900,0.2279939353466034,0.22749079763889313,5.031377077102661e-05
34000,0.18800467252731323,0.18724210560321808,7.625669240951538e-05
34100,0.1806667447090149,0.18014055490493774,5.2619725465774536e-05
34200,0.23784831166267395,0.23727473616600037,5.735829472541809e-05
34300,0.3106926381587982,0.31005871295928955,6.339326500892639e-05
34400,0.2761490046977997,0.2756187915802002,5.302205681800842e-05
34500,0.19621872901916504,0.19575712084770203,4.616007208824158e-05
34600,0.3176702558994293,0.3171047270298004,5.655363202095032e-05
34700,0.27979305386543274,0.27925509214401245,5.37969172000885e-05
34800,0.27796608209609985,0.277450293302536,5.158036947250366e-05
34900,0.25486481189727783,0.25425201654434204,6.128102540969849e-05
35000,0.3086800277233124,0.3080998957157135,5.801394581794739e-05
35100,0.20085445046424866,0.20036479830741882,4.89652156829834e-05
35200,0.34013596177101135,0.339548259973526,5.8770179748535156e-05
35300,0.314247727394104,0.3137861490249634,4.6156346797943115e-05
35400,0.27987128496170044,0.27932485938072205,5.4642558097839355e-05
35500,0.30379194021224976,0.3033105731010437,4.8138201236724854e-05
35600,0.2321939617395401,0.23167964816093445,5.1431357860565186e-05
35700,0.29297691583633423,0.29242902994155884,5.478784441947937e-05
35800,0.22883251309394836,0.22835876047611237,4.737451672554016e-05
35900,0.20428891479969025,0.20379233360290527,4.9658119678497314e-05
36000,0.3118170499801636,0.31128397583961487,5.330890417098999e-05
36100,0.24905984103679657,0.2486409693956375,4.188716411590576e-05
36200,0.31934764981269836,0.31884101033210754,5.066394805908203e-05
36300,0.22719572484493256,0.22664371132850647,5.520135164260864e-05
36400,0.2790699601173401,0.2784997224807739,5.702301859855652e-05
36500,0.23842567205429077,0.23789817094802856,5.27501106262207e-05
36600,0.1548062115907669,0.15421895682811737,5.872547626495361e-05
36700,0.2122252732515335,0.211725115776062,5.001574754714966e-05
36800,0.15083394944667816,0.15043295919895172,4.009902477264404e-05
36900,0.1862330287694931,0.18584410846233368,3.889203071594238e-05
37000,0.3177807033061981,0.31718909740448,5.916133522987366e-05
37100,0.21483686566352844,0.21430645883083344,5.304068326950073e-05
37200,0.2014000415802002,0.2009180337190628,4.8201531171798706e-05
37300,0.19156545400619507,0.19109885394573212,4.6659260988235474e-05
37400,0.1320202350616455,0.13145768642425537,5.6255608797073364e-05
37500,0.25430381298065186,0.25375840067863464,5.4541975259780884e-05
37600,0.19753789901733398,0.1970742791891098,4.636123776435852e-05
37700,0.16713851690292358,0.16666604578495026,4.7247856855392456e-05
37800,0.2537420392036438,0.25332191586494446,4.201382398605347e-05
37900,0.18233256042003632,0.1818692833185196,4.632771015167236e-05
38000,0.22480246424674988,0.22435468435287476,4.477798938751221e-05
38100,0.16067951917648315,0.16006533801555634,6.141886115074158e-05
38200,0.1990129053592682,0.19857506453990936,4.3783336877822876e-05
38300,0.14424040913581848,0.14368104934692383,5.593523383140564e-05
38400,0.1974124014377594,0.19678454101085663,6.27860426902771e-05
38500,0.2835257649421692,0.2829101085662842,6.156414747238159e-05
38600,0.24072806537151337,0.24028706550598145,4.409998655319214e-05
38700,0.25837334990501404,0.25793761014938354,4.357472062110901e-05
38800,0.2207345962524414,0.2202586531639099,4.7594308853149414e-05
38900,0.1929609775543213,0.19257284700870514,3.881379961967468e-05
39000,0.23481503129005432,0.23424625396728516,5.6877732276916504e-05
39100,0.16887898743152618,0.1684499830007553,4.29004430770874e-05
39200,0.21039262413978577,0.20990920066833496,4.834309220314026e-05
39300,0.1426287293434143,0.14217986166477203,4.48860228061676e-05
39400,0.18986117839813232,0.1893574744462967,5.036965012550354e-05
39500,0.2652735710144043,0.2647452652454376,5.2832067012786865e-05
39600,0.30820232629776,0.30776190757751465,4.404038190841675e-05
39700,0.2753225564956665,0.2748642861843109,4.582852125167847e-05
39800,0.26575225591659546,0.26541391015052795,3.3833086490631104e-05
39900,0.2959803342819214,0.29551732540130615,4.630163311958313e-05
40000,0.31869789958000183,0.3183753192424774,3.2257288694381714e-05
40100,0.22662782669067383,0.22621838748455048,4.09446656703949e-05
40200,0.2640666961669922,0.2636669874191284,3.997236490249634e-05
40300,0.29267382621765137,0.29221516847610474,4.5865774154663086e-05
40400,0.21033117175102234,0.2099105417728424,4.206225275993347e-05
40500,0.24026286602020264,0.23987729847431183,3.855675458908081e-05
40600,0.16292712092399597,0.16252195835113525,4.051625728607178e-05
40700,0.18455949425697327,0.18413317203521729,4.2632222175598145e-05
40800,0.2139381766319275,0.21352367103099823,4.145130515098572e-05
40900,0.3450273275375366,0.344368577003479,6.587430834770203e-05
41000,0.21481090784072876,0.2144334316253662,3.7748366594314575e-05
41100,0.1866014301776886,0.1860683113336563,5.331262946128845e-05
41200,0.167148619890213,0.16669520735740662,4.5340508222579956e-05
41300,0.227677583694458,0.2272225022315979,4.550814628601074e-05
41400,0.28983211517333984,0.28935888409614563,4.7322362661361694e-05
41500,0.2951347529888153,0.2946315109729767,5.0324946641922e-05
41600,0.23315313458442688,0.23265551030635834,4.976242780685425e-05
41700,0.19811448454856873,0.19775258004665375,3.6191195249557495e-05
41800,0.19628986716270447,0.1958325207233429,4.573538899421692e-05
41900,0.2503976821899414,0.25000444054603577,3.9324164390563965e-05
42000,0.13305847346782684,0.13275516033172607,3.0331313610076904e-05
42100,0.278658002614975,0.278343141078949,3.14861536026001e-05
42200,0.19403153657913208,0.19364480674266815,3.867223858833313e-05
42300,0.18101109564304352,0.1804085671901703,6.0252845287323e-05
42400,0.19589462876319885,0.19548436999320984,4.102662205696106e-05
42500,0.2823605537414551,0.281914621591568,4.459172487258911e-05
42600,0.15669801831245422,0.15631480515003204,3.832206130027771e-05
42700,0.1231490969657898,0.12276840955018997,3.80687415599823e-05
42800,0.24399997293949127,0.2436147779226303,3.851950168609619e-05
42900,0.20098739862442017,0.20045778155326843,5.296245217323303e-05
43000,0.24510091543197632,0.24469172954559326,4.0918588638305664e-05
43100,0.2580516040325165,0.25762972235679626,4.218891263008118e-05
43200,0.2259896695613861,0.22561825811862946,3.714114427566528e-05
43300,0.16951148211956024,0.16906757652759552,4.439055919647217e-05
43400,0.18165960907936096,0.18130551278591156,3.540888428688049e-05
43500,0.1637720763683319,0.16346745193004608,3.046169877052307e-05
43600,0.23968040943145752,0.239384725689888,2.9567629098892212e-05
43700,0.15038877725601196,0.14986325800418854,5.255267024040222e-05
43800,0.1674545705318451,0.1671050637960434,3.495067358016968e-05
43900,0.15600672364234924,0.1556677669286728,3.3896416425704956e-05
44000,0.21938137710094452,0.21898619830608368,3.9517879486083984e-05
44100,0.2268276959657669,0.22653071582317352,2.969801425933838e-05
44200,0.21702440083026886,0.21666572988033295,3.586709499359131e-05
44300,0.22614113986492157,0.2257663756608963,3.7476420402526855e-05
44400,0.281156986951828,0.2808138132095337,3.431737422943115e-05
44500,0.28655460476875305,0.28626999258995056,2.8461217880249023e-05
44600,0.14012452960014343,0.13975679874420166,3.6772340536117554e-05
44700,0.16752177476882935,0.1672041267156601,3.176555037498474e-05
44800,0.2096043825149536,0.20926199853420258,3.423914313316345e-05
44900,0.21242710947990417,0.2121160924434662,3.110244870185852e-05
45000,0.15671703219413757,0.15631316602230072,4.038587212562561e-05
45100,0.24145188927650452,0.24117214977741241,2.7973204851150513e-05
45200,0.21660800278186798,0.21616797149181366,4.400312900543213e-05
45300,0.212503120303154,0.21216300129890442,3.4011900424957275e-05
45400,0.23478350043296814,0.23436689376831055,4.1659921407699585e-05
45500,0.3167829215526581,0.3164336383342743,3.4928321838378906e-05
45600,0.18065780401229858,0.18024373054504395,4.1406601667404175e-05
45700,0.1688041388988495,0.16839289665222168,4.112347960472107e-05
45800,0.3141117990016937,0.31373944878578186,3.723427653312683e-05
45900,0.13677218556404114,0.13648195564746857,2.9023736715316772e-05
46000,0.3141134977340698,0.31372249126434326,3.910064697265625e-05
46100,0.28949999809265137,0.28917422890663147,3.257766366004944e-05
46200,0.1984606683254242,0.19817377626895905,2.86884605884552e-05
46300,0.20410606265068054,0.2037810981273651,3.2495707273483276e-05
46400,0.3184237778186798,0.3180001676082611,4.2360275983810425e-05
46500,0.25072115659713745,0.2503451108932495,3.760308027267456e-05
46600,0.2533356845378876,0.25286316871643066,4.725158214569092e-05
46700,0.19009646773338318,0.18975016474723816,3.463029861450195e-05
46800,0.24993935227394104,0.24957646429538727,3.6288052797317505e-05
46900,0.287381112575531,0.2871435880661011,2.3752450942993164e-05
47000,0.2363017499446869,0.23592336475849152,3.783777356147766e-05
47100,0.13066129386425018,0.13033682107925415,3.244727849960327e-05
47200,0.12118212133646011,0.12080564349889755,3.7647783756256104e-05
47300,0.18516366183757782,0.18476714193820953,3.965198993682861e-05
47400,0.2257644683122635,0.22542256116867065,3.419071435928345e-05
47500,0.2524186670780182,0.2520316541194916,3.8702040910720825e-05
47600,0.16162732243537903,0.16126175224781036,3.655627369880676e-05
47700,0.18350647389888763,0.18316642940044403,3.400444984436035e-05
47800,0.328239768743515,0.32789313793182373,3.466382622718811e-05
47900,0.25582537055015564,0.25542619824409485,3.991648554801941e-05
48000,0.2170220911502838,0.21666830778121948,3.53790819644928e-05
48100,0.21629488468170166,0.21603460609912872,2.6028603315353394e-05
48200,0.31841081380844116,0.3180961012840271,3.147125244140625e-05
48300,0.21930700540542603,0.2189147025346756,3.923103213310242e-05
48400,0.17713364958763123,0.1767110973596573,4.225596785545349e-05
48500,0.16275577247142792,0.16242161393165588,3.341585397720337e-05
48600,0.13628818094730377,0.1360001415014267,2.880394458770752e-05
48700,0.12883946299552917,0.12841235101222992,4.2710453271865845e-05
48800,0.22183209657669067,0.2214667648077011,3.653392195701599e-05
48900,0.3396908938884735,0.33919528126716614,4.9561262130737305e-05
49000,0.22549575567245483,0.22517617046833038,3.195926547050476e-05
49100,0.1790245920419693,0.17860475182533264,4.198402166366577e-05
49200,0.20657223463058472,0.20623840391635895,3.338232636451721e-05
49300,0.2640802264213562,0.2636830508708954,3.971904516220093e-05
49400,0.19055213034152985,0.19026632606983185,2.8580427169799805e-05
49500,0.2130099982023239,0.21271227300167084,2.9772520065307617e-05
49600,0.2752435803413391,0.27492213249206543,3.2145529985427856e-05
49700,0.2524258494377136,0.25196897983551025,4.5686960220336914e-05
49800,0.21482497453689575,0.2144986391067505,3.263354301452637e-05
49900,0.23448225855827332,0.23419685661792755,2.8539448976516724e-05
50000,0.20109474658966064,0.20081792771816254,2.7682632207870483e-05
50100,0.20675182342529297,0.2063979208469391,3.5390257835388184e-05
50200,0.34066301584243774,0.34040960669517517,2.533942461013794e-05
50300,0.15510854125022888,0.15482962131500244,2.789124846458435e-05
50400,0.14180664718151093,0.14137019217014313,4.3645501136779785e-05
50500,0.2571660876274109,0.2568052113056183,3.608688712120056e-05
50600,0.31067734956741333,0.3103781044483185,2.9925256967544556e-05
50700,0.1658349633216858,0.16543707251548767,3.9789825677871704e-05
50800,0.2078620046377182,0.2075580209493637,3.039836883544922e-05
50900,0.25444871187210083,0.2540628910064697,3.8582831621170044e-05
51000,0.2293701469898224,0.2290152758359909,3.548711538314819e-05
51100,0.21994909644126892,0.21970178186893463,2.4732202291488647e-05
51200,0.23205313086509705,0.2317315936088562,3.215298056602478e-05
51300,0.15088671445846558,0.15044663846492767,4.400685429573059e-05
51400,0.2074497491121292,0.207125723361969,3.240257501602173e-05
51500,0.27283012866973877,0.27252909541130066,3.0104070901870728e-05
51600,0.1715596318244934,0.17124533653259277,3.143027424812317e-05
51700,0.1950605809688568,0.19470210373401642,3.5848468542099e-05
51800,0.23024246096611023,0.22993353009223938,3.089383244514465e-05
51900,0.14592601358890533,0.14565883576869965,2.6717782020568848e-05
52000,0.17048007249832153,0.17024411261081696,2.3595988750457764e-05
52100,0.24940995872020721,0.24896076321601868,4.491955041885376e-05
52200,0.14134186506271362,0.141090527176857,2.5134533643722534e-05
52300,0.278166800737381,0.27781784534454346,3.489479422569275e-05
52400,0.22213494777679443,0.22180290520191193,3.320351243019104e-05
52500,0.2403877228498459,0.24008649587631226,3.0122697353363037e-05
52600,0.16992667317390442,0.1694694608449936,4.572048783302307e-05
52700,0.23256120085716248,0.23222194612026215,3.392621874809265e-05
52800,0.1895831674337387,0.1892566829919815,3.2648444175720215e-05
52900,0.2586037814617157,0.2580738663673401,5.299225449562073e-05
53000,0.11269262433052063,0.112379290163517,3.133341670036316e-05
53100,0.14897102117538452,0.14874127507209778,2.2973865270614624e-05
53200,0.2637440860271454,0.26345112919807434,2.9295682907104492e-05
53300,0.1533130705356598,0.15303747355937958,2.755969762802124e-05
53400,0.20098966360092163,0.200657919049263,3.3173710107803345e-05
53500,0.19173750281333923,0.19143907725811005,2.9843300580978394e-05
53600,0.17740124464035034,0.177021786570549,3.794580698013306e-05
53700,0.2120938003063202,0.21182799339294434,2.6579946279525757e-05
53800,0.13169436156749725,0.13141407072544098,2.802908420562744e-05
53900,0.14975425601005554,0.14940673112869263,3.4753233194351196e-05
54000,0.2474370300769806,0.2471168339252472,3.201887011528015e-05
54100,0.23063993453979492,0.2303580343723297,2.8189271688461304e-05
54200,0.25341835618019104,0.25303447246551514,3.8389116525650024e-05
54300,0.27538177371025085,0.2751085162162781,2.732500433921814e-05
54400,0.19617877900600433,0.19586503505706787,3.137439489364624e-05
54500,0.20009276270866394,0.19976094365119934,3.318116068840027e-05
54600,0.0871587023139,0.0868724137544632,2.862885594367981e-05
54700,0.18410423398017883,0.18385720252990723,2.4702399969100952e-05
54800,0.2851909399032593,0.28490474820137024,2.8617680072784424e-05
54900,0.1450110673904419,0.14471746981143951,2.9359012842178345e-05
55000,0.17511609196662903,0.17487134039402008,2.4475157260894775e-05
55100,0.20684590935707092,0.20644822716712952,3.976747393608093e-05
55200,0.1568872183561325,0.15654978156089783,3.374367952346802e-05
55300,0.3549458980560303,0.3547339141368866,2.119690179824829e-05
55400,0.21201613545417786,0.21173082292079926,2.85319983959198e-05
55500,0.2552359700202942,0.25489914417266846,3.368407487869263e-05
55600,0.22723285853862762,0.2270052433013916,2.2761523723602295e-05
55700,0.14715412259101868,0.1467965692281723,3.575533628463745e-05
55800,0.22003361582756042,0.21976107358932495,2.7254223823547363e-05
55900,0.12748205661773682,0.1272493451833725,2.3271888494491577e-05
56000,0.14044243097305298,0.14013586938381195,3.065541386604309e-05
56100,0.16747774183750153,0.16718128323554993,2.9645860195159912e-05
56200,0.16628190875053406,0.1659690886735916,3.128126263618469e-05
56300,0.22630563378334045,0.22590699791908264,3.986433148384094e-05
56400,0.2109135091304779,0.21048793196678162,4.2557716369628906e-05
56500,0.24753913283348083,0.24727103114128113,2.6810914278030396e-05
56600,0.3068901300430298,0.30667829513549805,2.1182000637054443e-05
56700,0.19009268283843994,0.1897532343864441,3.394484519958496e-05
56800,0.16564473509788513,0.16531336307525635,3.3136457204818726e-05
56900,0.24476048350334167,0.2445075362920761,2.5294721126556396e-05
57000,0.14921849966049194,0.1489618569612503,2.5663524866104126e-05
57100,0.18625067174434662,0.18597611784934998,2.7455389499664307e-05
57200,0.18720731139183044,0.1870017796754837,2.055242657661438e-05
57300,0.2683926224708557,0.2680971920490265,2.954155206680298e-05
57400,0.17362481355667114,0.17331069707870483,3.141164779663086e-05
57500,0.19269302487373352,0.19243556261062622,2.5745481252670288e-05
57600,0.22653859853744507,0.22624471783638,2.938881516456604e-05
57700,0.2725359797477722,0.27224522829055786,2.907589077949524e-05
57800,0.24200129508972168,0.24177655577659607,2.2474676370620728e-05
57900,0.09572494029998779,0.09551829844713211,2.0664185285568237e-05
58000,0.11735178530216217,0.11711645871400833,2.353265881538391e-05
58100,0.30876654386520386,0.3085063099861145,2.602487802505493e-05
58200,0.27609026432037354,0.27576208114624023,3.281980752944946e-05
58300,0.2322314977645874,0.23189878463745117,3.3270567655563354e-05
58400,0.31065309047698975,0.3103272616863251,3.25813889503479e-05
58500,0.2296123206615448,0.22940149903297424,2.108141779899597e-05
58600,0.17253372073173523,0.17229105532169342,2.4266541004180908e-05
58700,0.21908031404018402,0.21885299682617188,2.27317214012146e-05
58800,0.34730416536331177,0.3469899892807007,3.141909837722778e-05
58900,0.1458994746208191,0.14564760029315948,2.5186687707901e-05
59000,0.16037951409816742,0.16008394956588745,2.9556453227996826e-05
59100,0.1633545458316803,0.16295653581619263,3.980100154876709e-05
59200,0.14389172196388245,0.14359034597873688,3.0137598514556885e-05
59300,0.2041207104921341,0.20390620827674866,2.14502215385437e-05
59400,0.2366623878479004,0.23648442327976227,1.7795711755752563e-05
59500,0.2445961833000183,0.24429872632026672,2.9746443033218384e-05
59600,0.19204941391944885,0.1917458474636078,3.0357390642166138e-05
59700,0.1183168813586235,0.11803875118494034,2.781301736831665e-05
59800,0.25905841588974,0.2588222920894623,2.361088991165161e-05
59900,0.16155746579170227,0.1612759381532669,2.8152018785476685e-05
60000,0.19730064272880554,0.19708159565925598,2.1904706954956055e-05
60100,0.23980370163917542,0.23955228924751282,2.5141984224319458e-05
60200,0.14734157919883728,0.14709921181201935,2.4236738681793213e-05
60300,0.21616606414318085,0.2158752679824829,2.90796160697937e-05
60400,0.1412004679441452,0.14095735549926758,2.431124448776245e-05
60500,0.26502716541290283,0.2646459639072418,3.8120895624160767e-05
60600,0.29637420177459717,0.29604706168174744,3.271549940109253e-05
60700,0.21702790260314941,0.2167729139328003,2.5499612092971802e-05
60800,0.18517762422561646,0.1849440187215805,2.3361295461654663e-05
60900,0.24962250888347626,0.24922628700733185,3.962218761444092e-05
61000,0.19769230484962463,0.19741807878017426,2.742186188697815e-05
61100,0.20663899183273315,0.20633593201637268,3.030523657798767e-05
61200,0.20531362295150757,0.20500151813030243,3.1210482120513916e-05
61300,0.24934393167495728,0.24916760623455048,1.763179898262024e-05
61400,0.19507314264774323,0.19482854008674622,2.4460256099700928e-05
61500,0.1292165219783783,0.12900015711784363,2.1636486053466797e-05
61600,0.15956129133701324,0.15933769941329956,2.2359192371368408e-05
61700,0.22526982426643372,0.2249900996685028,2.7973204851150513e-05
61800,0.3481146991252899,0.34789830446243286,2.164021134376526e-05
61900,0.17332343757152557,0.17306967079639435,2.537667751312256e-05
62000,0.13399136066436768,0.13373960554599762,2.5175511837005615e-05
62100,0.18911322951316833,0.18882633745670319,2.86884605884552e-05
62200,0.2681291997432709,0.2679256796836853,2.0351260900497437e-05
62300,0.1865692436695099,0.18628749251365662,2.8174370527267456e-05
62400,0.28292116522789,0.2825540006160736,3.6716461181640625e-05
62500,0.25852644443511963,0.25827229022979736,2.5413930416107178e-05
62600,0.24306926131248474,0.24285446107387543,2.1480023860931396e-05
62700,0.17546269297599792,0.175052210688591,4.104897379875183e-05
62800,0.19654855132102966,0.1963232457637787,2.2530555725097656e-05
62900,0.20855917036533356,0.20837335288524628,1.8581748008728027e-05
63000,0.1987500935792923,0.19848209619522095,2.679973840713501e-05
63100,0.2508559226989746,0.25055649876594543,2.9943883419036865e-05
63200,0.17480963468551636,0.1745079904794693,3.0163675546646118e-05
63300,0.16880065202713013,0.1684660166501999,3.3464282751083374e-05
63400,0.1487824022769928,0.14852605760097504,2.563372254371643e-05
63500,0.29014790058135986,0.2899310290813446,2.1688640117645264e-05
63600,0.08554398268461227,0.0853177085518837,2.2627413272857666e-05
63700,0.21658676862716675,0.21635903418064117,2.277269959449768e-05
63800,0.1758749783039093,0.17558671534061432,2.882629632949829e-05
63900,0.19183748960494995,0.19157475233078003,2.627447247505188e-05
64000,0.1854514181613922,0.1851191520690918,3.322586417198181e-05
64100,0.2184869349002838,0.2182268351316452,2.6009976863861084e-05
64200,0.13409504294395447,0.13378353416919708,3.1150877475738525e-05
64300,0.13693857192993164,0.13670703768730164,2.3152679204940796e-05
64400,0.1944398730993271,0.1942458599805832,1.940131187438965e-05
64500,0.13200810551643372,0.13178622722625732,2.218782901763916e-05
64600,0.18552185595035553,0.18534676730632782,1.7508864402770996e-05
64700,0.146113783121109,0.14586608111858368,2.4769455194473267e-05
64800,0.15238234400749207,0.1521328240633011,2.49519944190979e-05
64900,0.15270985662937164,0.1524081826210022,3.016740083694458e-05
65000,0.28215157985687256,0.28185439109802246,2.972036600112915e-05
65100,0.16111676394939423,0.16076330840587616,3.534555435180664e-05
65200,0.1562887728214264,0.15606443583965302,2.2433698177337646e-05
65300,0.14588846266269684,0.14555437862873077,3.3408403396606445e-05
65400,0.11670228093862534,0.1164340227842331,2.6825815439224243e-05
65500,0.3053441643714905,0.3050437569618225,3.0040740966796875e-05
65600,0.26505234837532043,0.26483169198036194,2.2064894437789917e-05
65700,0.23376142978668213,0.23348014056682587,2.8129667043685913e-05
65800,0.17945995926856995,0.1792275458574295,2.3242086172103882e-05
65900,0.20308874547481537,0.2027568221092224,3.3192336559295654e-05
66000,0.16374088823795319,0.1634763926267624,2.644956111907959e-05
66100,0.19622555375099182,0.1960098296403885,2.1573156118392944e-05
66200,0.21041396260261536,0.210103839635849,3.1013041734695435e-05
66300,0.11014381796121597,0.1098974272608757,2.46390700340271e-05
66400,0.23460644483566284,0.23432202637195587,2.8442591428756714e-05
66500,0.23569068312644958,0.2354886680841446,2.020224928855896e-05
66600,0.2771983742713928,0.27696043252944946,2.3793429136276245e-05
66700,0.20510119199752808,0.2048386037349701,2.6259571313858032e-05
66800,0.2304362654685974,0.23016904294490814,2.672150731086731e-05
66900,0.3138652443885803,0.3136287331581116,2.3651868104934692e-05
67000,0.18026916682720184,0.18000154197216034,2.676248550415039e-05
67100,0.1504993885755539,0.150213360786438,2.8602778911590576e-05
67200,0.22172057628631592,0.2214435189962387,2.7704983949661255e-05
67300,0.19861546158790588,0.19836576282978058,2.497062087059021e-05
67400,0.2437528669834137,0.24354444444179535,2.084299921989441e-05
67500,0.14728812873363495,0.14706572890281677,2.2239983081817627e-05
67600,0.3016378581523895,0.3014150857925415,2.2277235984802246e-05
67700,0.2329872101545334,0.23278485238552094,2.0235776901245117e-05
67800,0.23986506462097168,0.23962213099002838,2.429261803627014e-05
67900,0.14420652389526367,0.14395375549793243,2.5276094675064087e-05
68000,0.12697923183441162,0.12672214210033417,2.570822834968567e-05
68100,0.21667267382144928,0.2163890302181244,2.8364360332489014e-05
68200,0.15397332608699799,0.15367329120635986,3.0003488063812256e-05
68300,0.25190111994743347,0.2516908347606659,2.1029263734817505e-05
68400,0.14675447344779968,0.14646027982234955,2.9418617486953735e-05
68500,0.14345288276672363,0.14318373799324036,2.691522240638733e-05
68600,0.20391163229942322,0.2036598026752472,2.518296241760254e-05
68700,0.1885417401790619,0.1882803738117218,2.613663673400879e-05
68800,0.19184273481369019,0.1916087567806244,2.3398548364639282e-05
68900,0.3347037434577942,0.3344619870185852,2.4177134037017822e-05
69000,0.3426833748817444,0.3424438536167145,2.3953616619110107e-05
69100,0.18070316314697266,0.18045271933078766,2.5045126676559448e-05
69200,0.23290543258190155,0.2326401174068451,2.6531517505645752e-05
69300,0.15728074312210083,0.15701651573181152,2.6423484086990356e-05
69400,0.15592166781425476,0.15566730499267578,2.543628215789795e-05
69500,0.1367550641298294,0.136540487408638,2.1457672119140625e-05
69600,0.14686456322669983,0.14660215377807617,2.6240944862365723e-05
69700,0.17124755680561066,0.17101889848709106,2.286583185195923e-05
69800,0.18748092651367188,0.18722346425056458,2.5745481252670288e-05
69900,0.09068790078163147,0.09046490490436554,2.2299587726593018e-05
70000,0.21176452934741974,0.2115594893693924,2.0503997802734375e-05
70100,0.2077046036720276,0.20750544965267181,1.9915401935577393e-05
70200,0.15526403486728668,0.1550232321023941,2.4080276489257812e-05
70300,0.14045193791389465,0.140176460146904,2.7548521757125854e-05
70400,0.2234572172164917,0.22319737076759338,2.598389983177185e-05
70500,0.17848096787929535,0.17815381288528442,3.271549940109253e-05
70600,0.20638014376163483,0.20614515244960785,2.3499131202697754e-05
70700,0.16648024320602417,0.16622143983840942,2.5879591703414917e-05
70800,0.28548458218574524,0.28522056341171265,2.6401132345199585e-05
70900,0.13899096846580505,0.1387297511100769,2.612173557281494e-05
71000,0.11250223219394684,0.11225546896457672,2.467632293701172e-05
71100,0.21843397617340088,0.2182343751192093,1.9960105419158936e-05
71200,0.11181949824094772,0.11155250668525696,2.6699155569076538e-05
71300,0.1354476809501648,0.1352504938840866,1.971796154975891e-05
71400,0.23020051419734955,0.22998735308647156,2.1316111087799072e-05
71500,0.22836680710315704,0.2281315177679062,2.352893352508545e-05
71600,0.25457441806793213,0.25429433584213257,2.800673246383667e-05
71700,0.2464594691991806,0.24618268013000488,2.767890691757202e-05
71800,0.13502319157123566,0.1348045915365219,2.1860003471374512e-05
71900,0.18185289204120636,0.1815834790468216,2.6941299438476562e-05
72000,0.13765700161457062,0.13741359114646912,2.4341046810150146e-05
72100,0.15029215812683105,0.1500542312860489,2.3793429136276245e-05
72200,0.16802117228507996,0.16781125962734222,2.0992010831832886e-05
72300,0.18760478496551514,0.18738272786140442,2.220645546913147e-05
72400,0.17905688285827637,0.17885206639766693,2.0481646060943604e-05
72500,0.17193134129047394,0.17176377773284912,1.675635576248169e-05
72600,0.14762672781944275,0.14739260077476501,2.341344952583313e-05
72700,0.12622030079364777,0.12596645951271057,2.5384128093719482e-05
72800,0.18077707290649414,0.18057259917259216,2.0448118448257446e-05
72900,0.1705799400806427,0.17035481333732605,2.2511929273605347e-05
73000,0.15332253277301788,0.1530756950378418,2.4683773517608643e-05
73100,0.14587068557739258,0.14559876918792725,2.719089388847351e-05
73200,0.1854443997144699,0.1852135807275772,2.308189868927002e-05
73300,0.20822958648204803,0.20805099606513977,1.7859041690826416e-05
73400,0.21043704450130463,0.21015705168247223,2.7999281883239746e-05
73500,0.15043750405311584,0.15020869672298431,2.2880733013153076e-05
73600,0.1285472810268402,0.12819576263427734,3.515183925628662e-05
73700,0.18399780988693237,0.18374332785606384,2.5447458028793335e-05
73800,0.13240116834640503,0.1321684569120407,2.3271888494491577e-05
73900,0.2274971604347229,0.22732383012771606,1.7333775758743286e-05
74000,0.1804051697254181,0.1801910698413849,2.140924334526062e-05
74100,0.1904119849205017,0.19016242027282715,2.4955719709396362e-05
74200,0.12371443212032318,0.12348305433988571,2.3137778043746948e-05
74300,0.1704694926738739,0.17018119990825653,2.8830021619796753e-05
74400,0.07150129228830338,0.07126250118017197,2.387911081314087e-05
74500,0.22773949801921844,0.22749347984790802,2.460181713104248e-05
74600,0.12935784459114075,0.12905031442642212,3.07522714138031e-05
74700,0.16910934448242188,0.16883136332035065,2.7798116207122803e-05
74800,0.1819719672203064,0.18177612125873566,1.9583851099014282e-05
74900,0.20425447821617126,0.20406252145767212,1.9196420907974243e-05
75000,0.12995043396949768,0.12977050244808197,1.7993152141571045e-05
75100,0.20559507608413696,0.20541852712631226,1.765415072441101e-05
75200,0.15065783262252808,0.15031962096691132,3.382191061973572e-05
75300,0.13239812850952148,0.1320894956588745,3.086403012275696e-05
75400,0.15819865465164185,0.15786148607730865,3.3717602491378784e-05
75500,0.1252768337726593,0.12501586973667145,2.6095658540725708e-05
75600,0.2765078842639923,0.27621331810951233,2.9455870389938354e-05
75700,0.22774863243103027,0.22750134766101837,2.4728477001190186e-05
75800,0.17029806971549988,0.17001685500144958,2.812221646308899e-05
75900,0.12289451062679291,0.12258899956941605,3.055110573768616e-05
76000,0.1796417087316513,0.17946550250053406,1.7620623111724854e-05
76100,0.20784562826156616,0.2075290083885193,3.166124224662781e-05
76200,0.19704318046569824,0.19681191444396973,2.3126602172851562e-05
76300,0.13545796275138855,0.1352003514766693,2.5760382413864136e-05
76400,0.1901000440120697,0.189886212348938,2.1383166313171387e-05
76500,0.19106578826904297,0.19088640809059143,1.7937272787094116e-05
76600,0.18498700857162476,0.18472902476787567,2.5797635316848755e-05
76700,0.15366898477077484,0.1534702032804489,1.9878149032592773e-05
76800,0.17078962922096252,0.1705794781446457,2.1014362573623657e-05
76900,0.21309798955917358,0.2128996104001999,1.9837170839309692e-05
77000,0.22048544883728027,0.2202511727809906,2.3428350687026978e-05
77100,0.15728428959846497,0.15704740583896637,2.368912100791931e-05
77200,0.19810335338115692,0.19783595204353333,2.674013376235962e-05
77300,0.08495428413152695,0.08472447097301483,2.2981315851211548e-05
77400,0.15718653798103333,0.15700022876262665,1.8630176782608032e-05
77500,0.20158207416534424,0.20131292939186096,2.691522240638733e-05
77600,0.2212156504392624,0.22100934386253357,2.063065767288208e-05
77700,0.261594295501709,0.2613239288330078,2.7038156986236572e-05
77800,0.26493674516677856,0.2646579444408417,2.7880072593688965e-05
77900,0.20646029710769653,0.20620709657669067,2.532079815864563e-05
78000,0.16017083823680878,0.15992780029773712,2.4303793907165527e-05
78100,0.21362552046775818,0.21342840790748596,1.9710510969161987e-05
78200,0.22661808133125305,0.22641773521900177,2.0034611225128174e-05
78300,0.19941946864128113,0.199179008603096,2.4046748876571655e-05
78400,0.194489985704422,0.19421128928661346,2.786889672279358e-05
78500,0.2440987527370453,0.24381443858146667,2.8431415557861328e-05
78600,0.13637876510620117,0.13616818189620972,2.10590660572052e-05
78700,0.17544981837272644,0.1752239167690277,2.2590160369873047e-05
78800,0.16014176607131958,0.1598557084798813,2.8606504201889038e-05
78900,0.1585073173046112,0.1582423448562622,2.6497989892959595e-05
79000,0.2645565867424011,0.26433613896369934,2.2046267986297607e-05
79100,0.17655780911445618,0.17639029026031494,1.6752630472183228e-05
79200,0.15254822373390198,0.15236322581768036,1.8499791622161865e-05
79300,0.19771546125411987,0.19746725261211395,2.4821609258651733e-05
79400,0.20038558542728424,0.20019909739494324,1.8648803234100342e-05
79500,0.17249411344528198,0.1722707748413086,2.2333115339279175e-05
79600,0.20005594193935394,0.19980493187904358,2.5101006031036377e-05
79700,0.198871448636055,0.19860926270484924,2.621859312057495e-05
79800,0.17526830732822418,0.17506304383277893,2.0526349544525146e-05
79900,0.15375640988349915,0.15355713665485382,1.992657780647278e-05
80000,0.15850132703781128,0.15831878781318665,1.825392246246338e-05
80100,0.1942058950662613,0.19396553933620453,2.403557300567627e-05
80200,0.20851320028305054,0.20827749371528625,2.356991171836853e-05
80300,0.15888753533363342,0.15866272151470184,2.248212695121765e-05
80400,0.1679013967514038,0.16765378415584564,2.4762004613876343e-05
80500,0.18514707684516907,0.1849101185798645,2.3696571588516235e-05
80600,0.1617729514837265,0.16152969002723694,2.43261456489563e-05
80700,0.17534911632537842,0.17514225840568542,2.068653702735901e-05
80800,0.1494760513305664,0.14925473928451538,2.213194966316223e-05
80900,0.22184856235980988,0.2215997874736786,2.4877488613128662e-05
81000,0.23412245512008667,0.23384298384189606,2.794712781906128e-05
81100,0.18340714275836945,0.18318459391593933,2.2254884243011475e-05
81200,0.2135317325592041,0.21335314214229584,1.7859041690826416e-05
81300,0.07872869074344635,0.0785275250673294,2.0116567611694336e-05
81400,0.17476756870746613,0.17450158298015594,2.6598572731018066e-05
81500,0.18415981531143188,0.18392378091812134,2.3603439331054688e-05
81600,0.23349741101264954,0.233272522687912,2.2489577531814575e-05
81700,0.162069171667099,0.16177864372730255,2.9053539037704468e-05
81800,0.15347909927368164,0.15321850776672363,2.605840563774109e-05
81900,0.2570234537124634,0.2568148374557495,2.086162567138672e-05
82000,0.21550968289375305,0.21527938544750214,2.3029744625091553e-05
82100,0.16770023107528687,0.1674633026123047,2.3692846298217773e-05
82200,0.21219615638256073,0.2119729369878769,2.232193946838379e-05
82300,0.1760559380054474,0.17587175965309143,1.8417835235595703e-05
82400,0.21830934286117554,0.21809189021587372,2.1744519472122192e-05
82500,0.18099451065063477,0.18077819049358368,2.1632760763168335e-05
82600,0.18976500630378723,0.1895529180765152,2.1208077669143677e-05
82700,0.1897619068622589,0.1895851343870163,1.7676502466201782e-05
82800,0.17768488824367523,0.177433580160141,2.5130808353424072e-05
82900,0.1945263147354126,0.19430410861968994,2.2221356630325317e-05
83000,0.2034609615802765,0.2032390534877777,2.2191554307937622e-05
83100,0.14085930585861206,0.14066101610660553,1.982972025871277e-05
83200,0.2329937219619751,0.23277129232883453,2.224370837211609e-05
83300,0.13734117150306702,0.13709937036037445,2.4180859327316284e-05
83400,0.22509238123893738,0.22488738596439362,2.0500272512435913e-05
83500,0.23835965991020203,0.2381758987903595,1.8376857042312622e-05
83600,0.13752466440200806,0.1372855305671692,2.3912638425827026e-05
83700,0.13154008984565735,0.13135647773742676,1.8361955881118774e-05
83800,0.13410744071006775,0.13382409512996674,2.833455801010132e-05
83900,0.10201423615217209,0.10176888853311539,2.4534761905670166e-05
84000,0.16013896465301514,0.1598617285490036,2.7723610401153564e-05
84100,0.11856768280267715,0.11831801384687424,2.4966895580291748e-05
84200,0.16713938117027283,0.16690923273563385,2.3014843463897705e-05
84300,0.1295238584280014,0.12927061319351196,2.5324523448944092e-05
84400,0.1650797724723816,0.1648135632276535,2.6620924472808838e-05
84500,0.2125173807144165,0.2122727334499359,2.446398138999939e-05
84600,0.12738904356956482,0.1271948516368866,1.9419938325881958e-05
84700,0.17330822348594666,0.17314106225967407,1.671537756919861e-05
84800,0.20171967148780823,0.2014365941286087,2.8308480978012085e-05
84900,0.30504506826400757,0.30480724573135376,2.378225326538086e-05
85000,0.10260125994682312,0.10241078585386276,1.9047409296035767e-05
85100,0.18800055980682373,0.18774691224098206,2.5365501642227173e-05
85200,0.19960665702819824,0.19935420155525208,2.524629235267639e-05
85300,0.1808224320411682,0.18058419227600098,2.382323145866394e-05
85400,0.1594502329826355,0.1592758595943451,1.743808388710022e-05
85500,0.16082587838172913,0.1605519950389862,2.7388334274291992e-05
85600,0.15290489792823792,0.15266640484333038,2.3849308490753174e-05
85700,0.29636263847351074,0.29607999324798584,2.8263777494430542e-05
85800,0.17289263010025024,0.1726551502943039,2.3748725652694702e-05
85900,0.2667940557003021,0.2666328549385071,1.6119331121444702e-05
86000,0.1667010486125946,0.16650736331939697,1.936778426170349e-05
86100,0.18894699215888977,0.1887408047914505,2.0619481801986694e-05
86200,0.17991694808006287,0.1796835958957672,2.333521842956543e-05
86300,0.21855151653289795,0.21832223236560822,2.292916178703308e-05
86400,0.16308709979057312,0.16284246742725372,2.446398138999939e-05
86500,0.17442220449447632,0.17417611181735992,2.4609267711639404e-05
86600,0.17345410585403442,0.17321914434432983,2.3495405912399292e-05
86700,0.09944713860750198,0.0991954579949379,2.516806125640869e-05
86800,0.15488921105861664,0.1547146439552307,1.745671033859253e-05
86900,0.18526506423950195,0.1850360780954361,2.2899359464645386e-05
87000,0.14374324679374695,0.14347237348556519,2.7086585760116577e-05
87100,0.19613593816757202,0.19589878618717194,2.3715198040008545e-05
87200,0.2064725160598755,0.2062070071697235,2.655014395713806e-05
87300,0.13104331493377686,0.13083869218826294,2.0463019609451294e-05
87400,0.18757134675979614,0.18736273050308228,2.086162567138672e-05
87500,0.36303406953811646,0.36280298233032227,2.3107975721359253e-05
87600,0.18358877301216125,0.1834266036748886,1.6216188669204712e-05
87700,0.11556624621152878,0.11535774171352386,2.0850449800491333e-05
87800,0.1905377209186554,0.1903182715177536,2.1945685148239136e-05
87900,0.1162622794508934,0.11610320955514908,1.5906989574432373e-05
88000,0.10901659727096558,0.10873217135667801,2.8442591428756714e-05
88100,0.1906406283378601,0.19034650921821594,2.941116690635681e-05
88200,0.18827621638774872,0.18800576031208038,2.7045607566833496e-05
88300,0.0754019021987915,0.07510950416326523,2.9239803552627563e-05
88400,0.24041421711444855,0.24020522832870483,2.0898878574371338e-05
88500,0.1677047461271286,0.1674964278936386,2.0831823348999023e-05
88600,0.10862859338521957,0.10837795585393906,2.5063753128051758e-05
88700,0.1648869663476944,0.16469287872314453,1.9408762454986572e-05
88800,0.23492804169654846,0.23468808829784393,2.399459481239319e-05
88900,0.2527894377708435,0.25257453322410583,2.1491199731826782e-05
89000,0.16978120803833008,0.16961771249771118,1.635029911994934e-05
89100,0.2739769220352173,0.2738088369369507,1.6808509826660156e-05
89200,0.19392746686935425,0.19373556971549988,1.918897032737732e-05
89300,0.19168075919151306,0.19145970046520233,2.2105872631072998e-05
89400,0.18521621823310852,0.1849958747625351,2.203509211540222e-05
89500,0.17433106899261475,0.17414820194244385,1.8287450075149536e-05
89600,0.18655529618263245,0.18634521961212158,2.1006911993026733e-05
89700,0.17649191617965698,0.17623133957386017,2.605840563774109e-05
89800,0.20562605559825897,0.20541110634803772,2.1494925022125244e-05
89900,0.17138513922691345,0.17111001908779144,2.7511268854141235e-05
90000,0.1483851671218872,0.14814627170562744,2.3890286684036255e-05
90100,0.2075164020061493,0.20728297531604767,2.3342669010162354e-05
90200,0.1836172342300415,0.18337129056453705,2.4594366550445557e-05
90300,0.2269039750099182,0.22671863436698914,1.8533319234848022e-05
90400,0.23780831694602966,0.23760826885700226,2.000480890274048e-05
90500,0.20368650555610657,0.2033555954694748,3.309175372123718e-05
90600,0.15817692875862122,0.15798380970954895,1.9311904907226562e-05
90700,0.19140625,0.19120818376541138,1.9807368516921997e-05
90800,0.19224333763122559,0.19194407761096954,2.9925256967544556e-05
90900,0.19207003712654114,0.191746786236763,3.232434391975403e-05
91000,0.14616605639457703,0.14597375690937042,1.92299485206604e-05
91100,0.16475620865821838,0.16459344327449799,1.6275793313980103e-05
91200,0.16748985648155212,0.1673247218132019,1.6514211893081665e-05
91300,0.13274285197257996,0.13251139223575592,2.3145228624343872e-05
91400,0.1498795598745346,0.14958131313323975,2.9824674129486084e-05
91500,0.23193731904029846,0.2316957712173462,2.415478229522705e-05
91600,0.1558210253715515,0.15560775995254517,2.1327286958694458e-05
91700,0.19103437662124634,0.19078098237514496,2.533942461013794e-05
91800,0.13811932504177094,0.13795042037963867,1.689046621322632e-05
91900,0.18488919734954834,0.1846773773431778,2.1182000637054443e-05
92000,0.1826009750366211,0.18240484595298767,1.9613653421401978e-05
92100,0.16866271197795868,0.16847272217273712,1.8998980522155762e-05
92200,0.1457597017288208,0.1455446481704712,2.150610089302063e-05
92300,0.27672940492630005,0.2765251100063324,2.0429491996765137e-05
92400,0.11276552081108093,0.11249540001153946,2.701207995414734e-05
92500,0.19227953255176544,0.19202017784118652,2.5935471057891846e-05
92600,0.2666740417480469,0.2664501368999481,2.2388994693756104e-05
92700,0.07976890355348587,0.07951807975769043,2.5082379579544067e-05
92800,0.1496216356754303,0.14939747750759125,2.2415071725845337e-05
92900,0.17607256770133972,0.1759035587310791,1.6901642084121704e-05
93000,0.1726783812046051,0.17248551547527313,1.928582787513733e-05
93100,0.2202434241771698,0.21997128427028656,2.7213245630264282e-05
93200,0.21077454090118408,0.21057884395122528,1.9568949937820435e-05
93300,0.15252654254436493,0.1523279845714569,1.9855797290802002e-05
93400,0.20432132482528687,0.2040996253490448,2.216920256614685e-05
93500,0.2197733074426651,0.21950426697731018,2.6904046535491943e-05
93600,0.14058947563171387,0.14037708938121796,2.1237879991531372e-05
93700,0.15425655245780945,0.15407851338386536,1.7803162336349487e-05
93800,0.1939588338136673,0.1937181055545807,2.407282590866089e-05
93900,0.12198888510465622,0.12179956585168839,1.8931925296783447e-05
94000,0.17217659950256348,0.1719813495874405,1.952424645423889e-05
94100,0.1680750548839569,0.16782759130001068,2.4747103452682495e-05
94200,0.13966098427772522,0.1394306868314743,2.3029744625091553e-05
94300,0.15313486754894257,0.15294361114501953,1.9125640392303467e-05
94400,0.13941897451877594,0.13923345506191254,1.8551945686340332e-05
94500,0.13504046201705933,0.13474944233894348,2.9101967811584473e-05
94600,0.168289452791214,0.16803684830665588,2.526119351387024e-05
94700,0.11205189675092697,0.11176363378763199,2.882629632949829e-05
94800,0.1987522691488266,0.1984565556049347,2.9571354389190674e-05
94900,0.2159561812877655,0.21571406722068787,2.421066164970398e-05
95000,0.20806872844696045,0.20788390934467316,1.8481165170669556e-05
95100,0.13438734412193298,0.13417571783065796,2.1163374185562134e-05
95200,0.18369829654693604,0.18342190980911255,2.763792872428894e-05
95300,0.14812110364437103,0.14785146713256836,2.6963651180267334e-05
95400,0.15110360085964203,0.15084096789360046,2.6263296604156494e-05
95500,0.18487641215324402,0.18462815880775452,2.4825334548950195e-05
95600,0.15383879840373993,0.15361826121807098,2.205371856689453e-05
95700,0.21906986832618713,0.2188783884048462,1.9147992134094238e-05
95800,0.19440272450447083,0.19415852427482605,2.4419277906417847e-05
95900,0.1271178424358368,0.1269170194864273,2.008303999900818e-05
96000,0.12533214688301086,0.12510910630226135,2.230331301689148e-05
96100,0.12384792417287827,0.12362522631883621,2.2269785404205322e-05
96200,0.0987769067287445,0.09850991517305374,2.6699155569076538e-05
96300,0.16722595691680908,0.167011559009552,2.1439045667648315e-05
96400,0.1601642668247223,0.15997380018234253,1.9047409296035767e-05
96500,0.14734800159931183,0.14713051915168762,2.1748244762420654e-05
96600,0.23731696605682373,0.23710139095783234,2.1558254957199097e-05
96700,0.20826464891433716,0.2080344259738922,2.302229404449463e-05
96800,0.12652060389518738,0.12627895176410675,2.4165958166122437e-05
96900,0.17815974354743958,0.17791175842285156,2.4799257516860962e-05
97000,0.22886031866073608,0.22863520681858063,2.2511929273605347e-05
97100,0.1129034087061882,0.11262159049510956,2.818182110786438e-05
97200,0.14506317675113678,0.14486543834209442,1.977384090423584e-05
97300,0.16605834662914276,0.1658598631620407,1.9848346710205078e-05
97400,0.17058715224266052,0.17033833265304565,2.4881213903427124e-05
97500,0.19107431173324585,0.19085128605365753,2.230331301689148e-05
97600,0.15470650792121887,0.15446826815605164,2.382323145866394e-05
97700,0.15009304881095886,0.14986401796340942,2.2903084754943848e-05
97800,0.096233069896698,0.09599759429693222,2.354755997657776e-05
97900,0.14180906116962433,0.1416344940662384,1.745671033859253e-05
98000,0.1840728372335434,0.18389618396759033,1.7665326595306396e-05
98100,0.2111770361661911,0.21085532009601593,3.217160701751709e-05
98200,0.15072405338287354,0.150496244430542,2.2780150175094604e-05
98300,0.17552201449871063,0.17531481385231018,2.0720064640045166e-05
98400,0.1503785103559494,0.1501769721508026,2.0153820514678955e-05
98500,0.24386905133724213,0.24360813200473785,2.6091933250427246e-05
98600,0.1823701560497284,0.18210943043231964,2.6073306798934937e-05
98700,0.11888622492551804,0.11861357092857361,2.726539969444275e-05
98800,0.1944335401058197,0.19414830207824707,2.8524547815322876e-05
98900,0.22500355541706085,0.2248188555240631,1.846998929977417e-05
99000,0.19541135430335999,0.19520330429077148,2.080574631690979e-05
99100,0.22061976790428162,0.22041189670562744,2.078711986541748e-05
99200,0.1304142326116562,0.13017134368419647,2.428889274597168e-05
99300,0.2281564176082611,0.22794437408447266,2.1204352378845215e-05
99400,0.19470223784446716,0.19445759057998657,2.446398138999939e-05
99500,0.16770538687705994,0.16750292479991913,2.0246952772140503e-05
99600,0.14484283328056335,0.14468905329704285,1.537799835205078e-05
99700,0.18347898125648499,0.18328732252120972,1.9166618585586548e-05
99800,0.14132577180862427,0.1411346197128296,1.911446452140808e-05
99900,0.14157162606716156,0.14129111170768738,2.8051435947418213e-05
100000,0.20757170021533966,0.20731621980667114,2.5548040866851807e-05
